demo001@example.com,123456
demo002@example.com,123456
demo003@example.com,123456
demo004@example.com,123456
demo005@example.com,123456
demo006@example.com,123456
demo007@example.com,123456
demo008@example.com,123456
demo009@example.com,123456
demo010@example.com,123456
demo011@example.com,123456
demo012@example.com,123456
demo013@example.com,123456
demo014@example.com,123456
demo015@example.com,123456
demo016@example.com,123456
demo017@example.com,123456
demo018@example.com,123456
demo019@example.com,123456
demo020@example.com,123456
demo021@example.com,123456
demo022@example.com,123456
demo023@example.com,123456
demo024@example.com,123456
demo025@example.com,123456
demo026@example.com,123456
demo027@example.com,123456
demo028@example.com,123456
demo029@example.com,123456
demo030@example.com,123456
demo031@example.com,123456
demo032@example.com,123456
demo033@example.com,123456
demo034@example.com,123456
demo035@example.com,123456
demo036@example.com,123456
demo037@example.com,123456
demo038@example.com,123456
demo039@example.com,123456
demo040@example.com,123456
demo041@example.com,123456
demo042@example.com,123456
demo043@example.com,123456
demo044@example.com,123456
demo045@example.com,123456
demo046@example.com,123456
demo047@example.com,123456
demo048@example.com,123456
demo049@example.com,123456
demo050@example.com,123456
